Model,with txt_polarity_basecase,with sentence_polarity_basecase,with txt_polarity_filtered_length,with sentence_polarity_filtered_length,with txt_polarity_filtered_lexicon,with sentence_polarity_filtered_lexicon,with numeric_sentiment_score_basecase,with numeric_sentiment_score
Tree_reg,-2.4265575284396217,-2.9792820461676714,-0.7371182169458518,-2.4837842170455615,-2.5674892627927823,-1.7364872243084561,-1.5394343881997044,-2.406004183601047
Linear,-0.5684225358577982,-1.025403035261251,-0.7285823406565077,-0.6036406015115164,-0.817270654618447,-1.2138487226731867,-0.6688668145854153,-0.7309537751042392
Tree_Class,0.615,0.54,0.5399999999999999,0.49499999999999994,0.5399999999999999,0.505,0.52,0.515
Logistic,0.5650000000000001,0.525,0.54,0.5450000000000002,0.5850000000000001,0.595,0.5149999999999999,0.5549999999999999
